patch_id,papilla_id,x,y,size,perimeter,eccentricity,redness_score,a_channel,hue,saturation
78,3,249.04,185.24,25.0,17.86396103067893,0.847439926058727,0.4658652764321415,130.56,85.16,117.16
78,4,246.6875,189.3125,16.0,12.82842712474619,0.704724894141932,0.48022094867358706,128.875,76.1875,121.5625
79,1,279.1666666666667,161.94444444444446,18.0,14.242640687119286,0.899994626486704,0.43810946407127366,128.77777777777777,66.5,110.94444444444444
79,4,284.11764705882354,163.1764705882353,17.0,13.242640687119284,0.5335019720892371,0.37794183498760786,128.94117647058823,72.0,95.6470588235294
79,10,263.1363636363636,168.63636363636363,22.0,15.65685424949238,0.8134185576788951,0.4404653010126429,129.8181818181818,69.86363636363636,111.0909090909091
79,14,256.96296296296293,173.8148148148148,27.0,18.52081528017131,0.8326896835052997,0.4135163377597199,129.62962962962962,35.148148148148145,104.37037037037037
79,23,252.52173913043478,177.8695652173913,23.0,15.31370849898476,0.6648493387028183,0.3240502089860741,128.69565217391303,55.91304347826087,82.08695652173913
79,26,281.38709677419354,178.32258064516128,31.0,20.31370849898476,0.6042851878727447,0.5967773060949504,158.96774193548387,173.83870967741936,135.2258064516129
79,29,249.04,185.24,25.0,17.86396103067893,0.847439926058727,0.4658652764321415,130.56,85.16,117.16
79,30,246.6875,189.3125,16.0,12.82842712474619,0.704724894141932,0.48022094867358706,128.875,76.1875,121.5625
80,1,279.1666666666667,161.94444444444446,18.0,14.242640687119286,0.899994626486704,0.43810946407127366,128.77777777777777,66.5,110.94444444444444
80,4,284.11764705882354,163.1764705882353,17.0,13.242640687119284,0.5335019720892371,0.37794183498760786,128.94117647058823,72.0,95.6470588235294
80,6,292.62264150943395,166.26415094339623,53.0,33.31370849898476,0.9589610465850862,0.5349786736185619,130.58490566037736,85.62264150943396,134.52830188679246
80,10,263.1363636363636,168.63636363636363,22.0,15.65685424949238,0.8134185576788951,0.4404653010126429,129.8181818181818,69.86363636363636,111.0909090909091
80,11,309.14925373134326,168.19402985074626,67.0,46.86396103067892,0.9874040941053243,0.44145900667606547,130.40298507462686,68.88059701492537,111.08955223880596
80,15,257.6190476190476,173.61904761904762,21.0,16.86396103067893,0.8346560766954854,0.49860822760476736,130.0,43.285714285714285,125.66666666666667
80,23,307.3333333333333,176.58333333333334,24.0,18.31370849898476,0.696405407628864,0.6810572856593617,154.0,174.04166666666666,157.04166666666666
80,24,314.6216216216216,177.59459459459458,37.0,22.82842712474619,0.9126715418813878,0.6578396071185746,152.02702702702703,173.9189189189189,152.75675675675674
80,32,281.38709677419354,178.32258064516128,31.0,20.31370849898476,0.6042851878727447,0.5967773060949504,158.96774193548387,173.83870967741936,135.2258064516129
80,34,293.7560975609756,179.7560975609756,41.0,24.106601717798213,0.6811724791569668,0.6442395628277322,159.0731707317073,173.65853658536585,145.9268292682927
80,38,296.5333333333333,188.86666666666667,15.0,12.485281374238571,0.7613815723014773,0.5927320261437907,162.66666666666666,173.73333333333332,132.6
81,1,294.6,166.9142857142857,35.0,23.071067811865476,0.9091543398647203,0.5837073778531019,131.05714285714285,90.25714285714285,146.5142857142857
81,2,311.72093023255815,168.31395348837208,86.0,57.31370849898475,0.9917085533849654,0.4670662820743946,130.22093023255815,72.06976744186046,117.61627906976744
81,3,338.4021739130435,169.94565217391306,92.0,58.485281374238575,0.9903253863867861,0.5549162911022298,130.1195652173913,103.02173913043478,139.79347826086956
81,12,307.3333333333333,176.58333333333334,24.0,18.31370849898476,0.696405407628864,0.6810572856593617,154.0,174.04166666666666,157.04166666666666
81,13,314.8974358974359,177.5897435897436,39.0,24.242640687119287,0.9272302148060697,0.6579301290329593,151.94871794871796,173.87179487179486,152.82051282051282
81,17,293.7560975609756,179.7560975609756,41.0,24.106601717798213,0.6811724791569668,0.6442395628277322,159.0731707317073,173.65853658536585,145.9268292682927
81,27,348.8636363636364,183.5909090909091,22.0,15.65685424949238,0.6012852429943316,0.5493639127989552,155.8181818181818,173.54545454545453,125.86363636363636
81,32,321.0625,186.875,16.0,13.071067811865474,0.7317646097905899,0.5531073985966936,158.4375,172.75,125.5625
81,35,330.26666666666665,187.8,15.0,12.242640687119284,0.8295293371988992,0.5374155239437822,153.66666666666666,172.06666666666666,124.06666666666666
81,39,296.53333333333336,188.86666666666667,15.0,12.485281374238571,0.7613815723014773,0.5927320261437907,162.66666666666666,173.73333333333332,132.6
82,0,380.8125,165.0,16.0,12.82842712474619,0.8601380112365594,0.9340268166089964,129.625,0.0,117.875
82,2,357.1666666666667,165.94444444444446,18.0,14.242640687119286,0.899994626486704,0.4479817354199003,128.77777777777777,76.55555555555556,113.44444444444444
82,5,367.5,167.04347826086956,46.0,32.82842712474619,0.9833808868485274,0.5409373303419,129.56521739130434,84.8695652173913,136.56521739130434
82,7,322.05882352941177,168.88235294117646,17.0,14.035533905932738,0.8347160454337977,0.5810562612995533,129.64705882352942,93.11764705882354,146.64705882352942
82,8,339.234693877551,169.82653061224488,98.0,63.10660171779821,0.9899790938882487,0.5468443848127486,130.07142857142858,102.10204081632654,137.78571428571428
82,23,362.6,176.13333333333333,15.0,12.65685424949238,0.789639882824014,0.6695944978427101,150.86666666666667,175.6,156.13333333333333
82,42,348.90909090909093,183.5,22.0,15.899494936611667,0.6799091234918312,0.5495846162156324,155.72727272727272,173.5909090909091,125.95454545454545
82,44,357.25,182.83333333333334,24.0,17.071067811865476,0.2830692585361486,0.5785786716647445,156.20833333333334,174.16666666666666,132.375
82,52,320.95,187.4,20.0,15.863961030678928,0.8725962085730758,0.5515897731641677,158.25,172.85,125.3
82,53,330.26666666666665,187.8,15.0,12.242640687119284,0.8295293371988992,0.5374155239437822,153.66666666666666,172.06666666666666,124.06666666666666
83,0,382.8333333333333,164.95833333333334,24.0,18.242640687119284,0.9418985136848389,0.9820838139177239,129.5,28.875,124.0
83,2,357.1666666666667,165.94444444444446,18.0,14.242640687119286,0.899994626486704,0.4479817354199003,128.77777777777777,76.55555555555556,113.44444444444444
83,7,367.5,167.04347826086956,46.0,32.82842712474619,0.9833808868485274,0.5409373303419,129.56521739130434,84.8695652173913,136.56521739130434
83,11,393.2,167.85,20.0,16.071067811865476,0.8355659370843652,0.5440516724336794,129.1,66.3,137.6
83,31,362.6,176.13333333333333,15.0,12.65685424949238,0.789639882824014,0.6695944978427101,150.86666666666667,175.6,156.13333333333333
83,40,395.1923076923077,178.96153846153845,26.0,18.071067811865476,0.45663023674082986,0.6935607379046291,152.3846153846154,176.6153846153846,160.84615384615384
83,48,357.25,182.83333333333334,24.0,17.071067811865476,0.2830692585361486,0.5785786716647445,156.20833333333334,174.16666666666666,132.375
84,7,393.5,167.8181818181818,22.0,17.31370849898476,0.8737990722926768,0.5481299309547186,129.0909090909091,60.27272727272727,138.63636363636363
84,26,395.1923076923077,178.96153846153845,26.0,18.071067811865476,0.45663023674082986,0.6935607379046291,152.3846153846154,176.6153846153846,160.84615384615384
96,3,248.96666666666667,186.03333333333333,30.0,21.27817459305202,0.914340222767211,0.49762262377717975,131.83333333333334,100.03333333333333,124.53333333333333
96,10,242.86486486486487,198.75675675675677,37.0,24.65685424949238,0.7530790150530081,0.30064915752748916,130.24324324324326,55.7027027027027,75.70270270270271
96,27,232.41176470588235,220.52941176470588,17.0,13.65685424949238,0.8863278590397203,0.3262072479442962,128.47058823529412,23.529411764705884,41.35294117647059
97,1,279.1666666666667,161.94444444444446,18.0,14.242640687119286,0.899994626486704,0.43810946407127366,128.77777777777777,66.5,110.94444444444444
97,4,284.11764705882354,163.1764705882353,17.0,13.242640687119284,0.5335019720892371,0.37794183498760786,128.94117647058823,72.0,95.6470588235294
97,10,263.1363636363636,168.63636363636363,22.0,15.65685424949238,0.8134185576788951,0.4404653010126429,129.8181818181818,69.86363636363636,111.0909090909091
97,14,256.96296296296293,173.8148148148148,27.0,18.52081528017131,0.8326896835052997,0.4135163377597199,129.62962962962962,35.148148148148145,104.37037037037037
97,23,252.52173913043478,177.8695652173913,23.0,15.31370849898476,0.6648493387028183,0.3240502089860741,128.69565217391303,55.91304347826087,82.08695652173913
97,26,281.38709677419354,178.32258064516128,31.0,20.31370849898476,0.6042851878727447,0.5967773060949504,158.96774193548387,173.83870967741936,135.2258064516129
97,29,248.93548387096774,186.09677419354838,31.0,21.863961030678926,0.9140790301254336,0.5032436655876773,131.70967741935485,96.80645161290323,126.0
97,46,242.86486486486487,198.75675675675677,37.0,24.65685424949238,0.7530790150530081,0.30064915752748916,130.24324324324326,55.7027027027027,75.70270270270271
97,71,232.41176470588235,220.52941176470588,17.0,13.65685424949238,0.8863278590397203,0.3262072479442962,128.47058823529412,23.529411764705884,41.35294117647059
98,1,279.1666666666667,161.94444444444446,18.0,14.242640687119286,0.899994626486704,0.43810946407127366,128.77777777777777,66.5,110.94444444444444
98,4,284.11764705882354,163.1764705882353,17.0,13.242640687119284,0.5335019720892371,0.37794183498760786,128.94117647058823,72.0,95.6470588235294
98,6,292.62264150943395,166.26415094339623,53.0,33.31370849898476,0.9589610465850862,0.5349786736185619,130.58490566037736,85.62264150943396,134.52830188679246
98,10,263.1363636363636,168.63636363636363,22.0,15.65685424949238,0.8134185576788951,0.4404653010126429,129.8181818181818,69.86363636363636,111.0909090909091
98,11,309.14925373134326,168.19402985074626,67.0,46.86396103067892,0.9874040941053243,0.44145900667606547,130.40298507462686,68.88059701492537,111.08955223880596
98,15,257.6190476190476,173.61904761904762,21.0,16.86396103067893,0.8346560766954854,0.49860822760476736,130.0,43.285714285714285,125.66666666666667
98,23,307.3333333333333,176.58333333333334,24.0,18.31370849898476,0.696405407628864,0.6810572856593617,154.0,174.04166666666666,157.04166666666666
98,24,314.6216216216216,177.59459459459458,37.0,22.82842712474619,0.9126715418813878,0.6578396071185746,152.02702702702703,173.9189189189189,152.75675675675674
98,32,281.38709677419354,178.32258064516128,31.0,20.31370849898476,0.6042851878727447,0.5967773060949504,158.96774193548387,173.83870967741936,135.2258064516129
98,34,293.7560975609756,179.7560975609756,41.0,24.106601717798213,0.6811724791569668,0.6442395628277322,159.0731707317073,173.65853658536585,145.9268292682927
98,47,297.75,195.625,16.0,12.242640687119284,0.5083541641390434,0.572075403690888,163.1875,173.6875,127.75
98,59,316.36842105263156,198.1578947368421,19.0,14.485281374238571,0.7265626919953792,0.5296624673442241,159.89473684210526,172.68421052631578,119.63157894736842
98,61,311.2962962962963,199.88888888888889,27.0,19.449747468305834,0.8744953076973164,0.5399267243948065,160.74074074074073,173.03703703703704,121.5925925925926
98,62,305.04761904761904,200.28571428571428,21.0,15.449747468305832,0.64985095837031,0.5623524529637562,161.66666666666666,173.33333333333334,126.23809523809524
98,66,290.08,210.6,25.0,24.035533905932738,0.7257794130776394,0.35160482891195693,154.4,171.44,80.96
98,70,306.27777777777777,212.38888888888889,18.0,17.621320343559642,0.9061014847643953,0.3769802212824128,155.38888888888889,171.55555555555554,86.5
99,1,294.0769230769231,166.76923076923077,39.0,26.071067811865476,0.9269934545503636,0.5728491014304162,131.0,90.1025641025641,143.82051282051282
99,2,311.72093023255815,168.31395348837208,86.0,57.31370849898475,0.9917085533849654,0.4670662820743946,130.22093023255815,72.06976744186046,117.61627906976744
99,3,338.4021739130435,169.94565217391303,92.0,58.485281374238575,0.9903253863867861,0.5549162911022298,130.1195652173913,103.02173913043478,139.79347826086956
99,12,307.3333333333333,176.58333333333334,24.0,18.31370849898476,0.696405407628864,0.6810572856593617,154.0,174.04166666666666,157.04166666666666
99,13,314.8974358974359,177.5897435897436,39.0,24.242640687119287,0.9272302148060697,0.6579301290329593,151.94871794871796,173.87179487179486,152.82051282051282
99,17,293.7560975609756,179.7560975609756,41.0,24.106601717798213,0.6811724791569668,0.6442395628277322,159.0731707317073,173.65853658536585,145.9268292682927
99,27,348.8636363636364,183.5909090909091,22.0,15.65685424949238,0.6012852429943316,0.5493639127989552,155.8181818181818,173.54545454545453,125.86363636363636
99,32,320.76190476190476,187.33333333333334,21.0,15.071067811865474,0.685768175282025,0.5540861399025842,158.38095238095238,172.8095238095238,125.80952380952381
99,41,331.4473684210526,189.71052631578948,38.0,21.899494936611667,0.6440751874717644,0.5279941339416653,153.8421052631579,171.78947368421052,121.8157894736842
99,45,317.8,191.6,15.0,11.863961030678928,0.7440499132555328,0.5581918749199026,158.4,173.13333333333333,126.73333333333333
99,47,331.3333333333333,194.8,15.0,12.48528137423857,0.7276068937033198,0.5171598615916955,155.06666666666666,171.53333333333333,118.8
99,48,319.0,195.52941176470588,17.0,13.65685424949238,0.8082825629625052,0.5309152056236024,158.7058823529412,172.94117647058823,120.41176470588235
99,50,297.75,195.625,16.0,12.242640687119284,0.5083541641390434,0.572075403690888,163.1875,173.6875,127.75
99,54,316.5625,198.375,16.0,12.863961030678928,0.7717235483735783,0.5254465830449827,159.875,172.625,118.6875
99,56,311.48275862068965,199.72413793103448,29.0,21.242640687119284,0.8578606872280857,0.5411568312013901,160.75862068965517,173.0344827586207,121.86206896551724
99,58,347.6875,201.4375,16.0,13.207106781186548,0.9622586823818017,0.46386029411764707,158.75,169.1875,105.1875
99,59,305.04761904761904,200.28571428571428,21.0,15.449747468305832,0.64985095837031,0.5623524529637562,161.66666666666666,173.33333333333334,126.23809523809524
99,63,331.95,204.8,20.0,18.414213562373096,0.8617649352245086,0.5110421376393696,158.1,170.3,116.15
99,64,290.72222222222223,210.72222222222223,18.0,15.414213562373096,0.7730117275765085,0.35390357934507616,154.55555555555554,171.61111111111111,81.44444444444444
99,71,306.27777777777777,212.38888888888889,18.0,17.621320343559642,0.9061014847643953,0.3769802212824128,155.38888888888889,171.55555555555554,86.5
99,76,331.73333333333335,215.06666666666666,15.0,12.242640687119286,0.6251156929423434,0.5928608654790891,153.66666666666666,170.26666666666668,136.86666666666667
99,80,330.21875,220.21875,32.0,19.82842712474619,0.722910883983518,0.6196116878123799,153.75,170.03125,143.0
100,0,380.8125,165.0,16.0,12.82842712474619,0.8601380112365594,0.9340268166089964,129.625,0.0,117.875
100,2,357.1666666666667,165.94444444444446,18.0,14.242640687119286,0.899994626486704,0.4479817354199003,128.77777777777777,76.55555555555556,113.44444444444444
100,5,367.5,167.04347826086956,46.0,32.82842712474619,0.9833808868485274,0.5409373303419,129.56521739130434,84.8695652173913,136.56521739130434
100,7,322.05882352941177,168.88235294117646,17.0,14.035533905932738,0.8347160454337977,0.5810562612995533,129.64705882352942,93.11764705882354,146.64705882352942
100,8,339.234693877551,169.8265306122449,98.0,63.10660171779821,0.9899790938882487,0.5468443848127486,130.07142857142858,102.10204081632654,137.78571428571428
100,23,362.6,176.13333333333333,15.0,12.65685424949238,0.789639882824014,0.6695944978427101,150.86666666666667,175.6,156.13333333333333
100,42,348.90909090909093,183.5,22.0,15.899494936611667,0.6799091234918312,0.5495846162156324,155.72727272727272,173.5909090909091,125.95454545454545
100,44,357.25,182.83333333333334,24.0,17.071067811865476,0.2830692585361486,0.5785786716647445,156.20833333333334,174.16666666666666,132.375
100,52,321.05882352941177,186.88235294117646,17.0,13.035533905932738,0.811454513964313,0.5529119622609883,158.41176470588235,172.7058823529412,125.52941176470588
100,56,331.44736842105266,189.71052631578948,38.0,21.899494936611667,0.6440751874717644,0.5279941339416653,153.8421052631579,171.78947368421052,121.8157894736842
100,59,352.4375,193.5625,16.0,14.414213562373096,0.9727348869252793,0.5027065311418686,159.6875,171.625,113.625
100,60,331.3333333333333,194.8,15.0,12.48528137423857,0.7276068937033198,0.5171598615916955,155.06666666666666,171.53333333333333,118.8
100,67,347.6875,201.4375,16.0,13.207106781186548,0.9622586823818017,0.46386029411764707,158.75,169.1875,105.1875
100,75,331.95,204.8,20.0,18.414213562373096,0.8617649352245086,0.5110421376393696,158.1,170.3,116.15
100,77,375.4,205.3,20.0,14.727922061357855,0.5860711545377085,0.47138869665513267,157.8,171.15,107.25
100,78,362.8888888888889,205.16666666666666,18.0,15.071067811865476,0.8014785123002084,0.4794084896122573,159.16666666666666,171.22222222222223,108.55555555555556
100,83,353.45,210.7,20.0,14.207106781186548,0.8666352896479792,0.4080144175317186,158.05,169.6,92.75
100,95,331.73333333333335,215.06666666666666,15.0,12.242640687119286,0.6251156929423434,0.5928608654790891,153.66666666666666,170.26666666666668,136.86666666666667
100,96,349.55,214.9,20.0,17.621320343559645,0.9035698074709566,0.39986343713956174,157.1,168.65,91.2
100,98,330.21875,220.21875,32.0,19.82842712474619,0.722910883983518,0.6196116878123799,153.75,170.03125,143.0
101,0,382.8333333333333,164.95833333333334,24.0,18.242640687119284,0.9418985136848389,0.9820838139177239,129.5,28.875,124.0
101,2,357.1666666666667,165.94444444444446,18.0,14.242640687119286,0.899994626486704,0.4479817354199003,128.77777777777777,76.55555555555556,113.44444444444444
101,7,367.5,167.04347826086956,46.0,32.82842712474619,0.9833808868485274,0.5409373303419,129.56521739130434,84.8695652173913,136.56521739130434
101,11,393.2,167.85,20.0,16.071067811865476,0.8355659370843652,0.5440516724336794,129.1,66.3,137.6
101,31,362.6,176.13333333333333,15.0,12.65685424949238,0.789639882824014,0.6695944978427101,150.86666666666667,175.6,156.13333333333333
101,40,395.1923076923077,178.96153846153845,26.0,18.071067811865476,0.45663023674082986,0.6935607379046291,152.3846153846154,176.6153846153846,160.84615384615384
101,48,357.25,182.83333333333334,24.0,17.071067811865476,0.2830692585361486,0.5785786716647445,156.20833333333334,174.16666666666666,132.375
101,63,412.8,197.93333333333334,15.0,13.071067811865476,0.6372774688015339,0.5463356486821308,159.73333333333332,174.13333333333333,123.46666666666667
101,72,375.4,205.3,20.0,14.727922061357855,0.5860711545377085,0.47138869665513267,157.8,171.15,107.25
101,73,362.8888888888889,205.16666666666666,18.0,15.071067811865476,0.8014785123002084,0.4794084896122573,159.16666666666666,171.22222222222223,108.55555555555556
101,86,413.8421052631579,210.26315789473685,19.0,14.242640687119286,0.801870061677453,0.4921290660634467,160.1578947368421,173.10526315789474,111.05263157894737
101,92,413.6666666666667,218.0,18.0,12.82842712474619,0.6123724356957945,0.4161345351502982,157.16666666666666,172.66666666666666,94.88888888888889
102,7,393.5,167.8181818181818,22.0,17.31370849898476,0.8737990722926768,0.5481299309547186,129.0909090909091,60.27272727272727,138.63636363636363
102,26,395.1923076923077,178.96153846153845,26.0,18.071067811865476,0.45663023674082986,0.6935607379046291,152.3846153846154,176.6153846153846,160.84615384615384
102,49,425.5263157894737,193.31578947368422,19.0,14.65685424949238,0.8741377536529443,0.3290036540388792,129.26315789473685,38.578947368421055,83.15789473684211
102,52,426.625,197.1875,16.0,12.242640687119284,0.7861611582758199,0.3212172001153403,128.875,54.625,81.3125
102,56,427.4347826086956,201.91304347826087,23.0,16.242640687119284,0.8365567978552748,0.3613915543607265,129.1304347826087,53.47826086956522,91.3913043478261
102,63,414.42105263157896,210.3684210526316,19.0,14.727922061357855,0.5281913223057466,0.4946043126391831,160.10526315789474,173.21052631578948,111.63157894736842
102,76,413.9,218.0,20.0,14.485281374238571,0.3514675116774038,0.4171822376009227,157.25,172.6,95.1
102,79,433.0909090909091,220.1818181818182,33.0,19.414213562373096,0.6960138614308014,0.46489853976484985,129.57575757575756,124.27272727272727,117.36363636363636
103,14,425.5263157894737,193.31578947368422,19.0,14.65685424949238,0.8741377536529443,0.3290036540388792,129.26315789473685,38.578947368421055,83.15789473684211
103,15,426.625,197.1875,16.0,12.242640687119284,0.7861611582758199,0.3212172001153403,128.875,54.625,81.3125
103,16,427.4347826086956,201.91304347826087,23.0,16.242640687119284,0.8365567978552748,0.3613915543607265,129.1304347826087,53.47826086956522,91.3913043478261
103,25,433.09090909090907,220.1818181818182,33.0,19.414213562373096,0.6960138614308014,0.46489853976484985,129.57575757575756,124.27272727272727,117.36363636363636
114,4,242.86486486486487,198.75675675675674,37.0,24.65685424949238,0.7530790150530081,0.30064915752748916,130.24324324324326,55.7027027027027,75.70270270270271
114,25,230.5,227.0,20.0,15.65685424949238,0.9103381144016989,0.4564327566320646,128.3,29.5,57.9
114,26,229.29411764705884,230.70588235294116,17.0,13.035533905932738,0.8640636784178614,0.22757922491881621,128.7058823529412,40.588235294117645,57.64705882352941
114,27,228.97345132743362,244.1946902654867,113.0,51.41421356237309,0.9763854557414419,0.1879300180605488,128.47787610619469,30.088495575221238,47.64601769911504
115,18,242.86486486486487,198.75675675675674,37.0,24.65685424949238,0.7530790150530081,0.30064915752748916,130.24324324324326,55.7027027027027,75.70270270270271
115,49,230.5,227.0,20.0,15.65685424949238,0.9103381144016989,0.4564327566320646,128.3,29.5,57.9
115,52,229.2941176470588,230.70588235294116,17.0,13.035533905932738,0.8640636784178614,0.22757922491881621,128.7058823529412,40.588235294117645,57.64705882352941
115,59,228.97345132743362,244.1946902654867,113.0,51.41421356237309,0.9763854557414419,0.1879300180605488,128.47787610619469,30.088495575221238,47.64601769911504
115,67,263.74074074074076,242.37037037037038,27.0,23.242640687119284,0.8042070329449136,0.29962921299131023,150.4814814814815,170.85185185185185,69.96296296296296
115,72,271.3333333333333,246.26666666666665,15.0,13.207106781186548,0.8547826765682254,0.2906492374727669,149.93333333333334,169.8,68.0
115,76,256.7894736842105,252.5263157894737,19.0,15.242640687119284,0.232984884732707,0.28185877794711395,149.47368421052633,172.52631578947367,66.05263157894737
116,3,295.0,192.73333333333332,15.0,13.65685424949238,0.8812869377601524,0.569208014011705,163.13333333333333,173.8,127.13333333333334
116,9,297.6666666666667,195.73333333333332,15.0,11.65685424949238,0.5526820968472154,0.5712604212055192,163.26666666666668,173.73333333333332,127.53333333333333
116,21,316.6470588235294,198.23529411764707,17.0,13.449747468305832,0.6099765279307654,0.5263678994903477,159.76470588235293,172.64705882352942,118.94117647058823
116,23,311.74074074074076,199.59259259259258,27.0,19.44974746830583,0.8396839589755972,0.541406876852788,160.74074074074073,173.03703703703704,121.92592592592592
116,24,305.30434782608694,200.3913043478261,23.0,16.863961030678926,0.7350457980402653,0.5602112609008167,161.6086956521739,173.30434782608697,125.78260869565217
116,28,290.08,210.6,25.0,24.035533905932738,0.7257794130776394,0.35160482891195693,154.4,171.44,80.96
116,32,306.27777777777777,212.38888888888889,18.0,17.621320343559642,0.9061014847643953,0.3769802212824128,155.38888888888889,171.55555555555554,86.5
116,66,263.39285714285717,242.5,28.0,24.242640687119284,0.765861804849467,0.29801047870128444,150.39285714285714,171.07142857142858,69.60714285714286
116,84,290.8333333333333,248.38888888888889,18.0,14.035533905932738,0.5383769699833133,0.3042770824136965,150.88888888888889,170.27777777777777,70.94444444444444
116,85,308.5333333333333,251.93333333333334,15.0,15.414213562373096,0.8980393064500882,0.293200461361015,150.73333333333332,168.26666666666668,68.4
117,3,295.0,192.73333333333332,15.0,13.65685424949238,0.8812869377601524,0.569208014011705,163.13333333333333,173.8,127.13333333333334
117,4,319.5897435897436,195.2051282051282,39.0,23.27817459305202,0.8244209183826815,0.527793907213657,159.10256410256412,172.87179487179486,119.53846153846153
117,6,330.7142857142857,194.0952380952381,21.0,16.72792206135786,0.7374464323308557,0.5185302356236613,155.0,171.57142857142858,119.14285714285714
117,7,297.6666666666667,195.73333333333332,15.0,11.65685424949238,0.5526820968472154,0.5712604212055192,163.26666666666668,173.73333333333332,127.53333333333333
117,13,311.56,199.76,25.0,17.656854249492383,0.8758009997469886,0.5400984359861593,160.72,173.04,121.64
117,15,347.6875,201.4375,16.0,13.207106781186548,0.9622586823818017,0.46386029411764707,158.75,169.1875,105.1875
117,16,305.30434782608694,200.3913043478261,23.0,16.863961030678926,0.7350457980402653,0.5602112609008167,161.6086956521739,173.30434782608697,125.78260869565217
117,20,331.95,204.8,20.0,18.414213562373096,0.8617649352245086,0.5110421376393696,158.1,170.3,116.15
117,21,290.72222222222223,210.72222222222223,18.0,15.414213562373096,0.7730117275765085,0.35390357934507616,154.55555555555554,171.61111111111111,81.44444444444444
117,28,306.27777777777777,212.38888888888889,18.0,17.621320343559642,0.9061014847643953,0.3769802212824128,155.38888888888889,171.55555555555554,86.5
117,33,331.73333333333335,215.06666666666666,15.0,12.242640687119286,0.6251156929423434,0.5928608654790891,153.66666666666666,170.26666666666668,136.86666666666667
117,36,328.92452830188677,220.67924528301887,53.0,26.899494936611667,0.5903061486791539,0.5969965217255625,154.8490566037736,169.9811320754717,137.24528301886792
117,40,330.9166666666667,227.36111111111111,36.0,21.656854249492383,0.716675253737333,0.594313298304071,155.0,168.86111111111111,136.55555555555554
117,54,331.2608695652174,234.08695652173913,23.0,15.863961030678928,0.6046151605247017,0.6017781440757481,155.91304347826087,168.0,137.82608695652175
117,63,328.6,238.36666666666667,30.0,19.863961030678926,0.5628625854000049,0.6205502499038832,156.96666666666667,168.16666666666666,141.6
117,65,326.4878048780488,244.02439024390245,41.0,27.86396103067893,0.7604710677558534,0.6052100493998442,157.1219512195122,168.14634146341464,138.02439024390245
117,72,291.05,249.65,20.0,15.071067811865476,0.7899939394726889,0.3087681276432142,151.05,169.6,71.95
117,73,308.3125,252.0625,16.0,16.207106781186546,0.9030050194742644,0.29445045174932716,150.75,168.3125,68.6875
117,78,324.0,251.61111111111111,18.0,13.242640687119284,0.8551509109619999,0.5810152790237373,156.77777777777777,169.33333333333334,132.66666666666666
117,79,334.52941176470586,253.52941176470588,17.0,13.449747468305832,0.6700280698894645,0.3329877116733117,151.7058823529412,166.76470588235293,77.41176470588235
117,81,322.8,254.2,15.0,11.621320343559642,0.8956482683212558,0.5774640522875817,156.46666666666667,169.6,132.0
118,1,352.6111111111111,193.55555555555554,18.0,16.414213562373096,0.9715789899993653,0.503443215097707,159.72222222222223,171.66666666666666,113.77777777777777
118,3,321.0,194.42105263157896,19.0,16.035533905932738,0.8925326013934248,0.5235218076150128,159.21052631578948,172.73684210526315,118.52631578947368
118,4,331.0,194.58823529411765,17.0,13.899494936611665,0.39186751935509,0.5186765271275754,155.0,171.58823529411765,119.17647058823529
118,10,347.6875,201.4375,16.0,13.207106781186548,0.9622586823818017,0.46386029411764707,158.75,169.1875,105.1875
118,18,331.95,204.8,20.0,18.414213562373096,0.8617649352245086,0.5110421376393696,158.1,170.3,116.15
118,20,375.4,205.3,20.0,14.727922061357855,0.5860711545377085,0.47138869665513267,157.8,171.15,107.25
118,21,362.8888888888889,205.16666666666666,18.0,15.071067811865476,0.8014785123002084,0.4794084896122573,159.16666666666666,171.22222222222223,108.55555555555556
118,26,353.45,210.7,20.0,14.207106781186548,0.8666352896479792,0.4080144175317186,158.05,169.6,92.75
118,38,331.73333333333335,215.06666666666666,15.0,12.242640687119286,0.6251156929423434,0.5928608654790891,153.66666666666666,170.26666666666668,136.86666666666667
118,39,349.55,214.9,20.0,17.621320343559645,0.9035698074709566,0.39986343713956174,157.1,168.65,91.2
118,40,328.92452830188677,220.67924528301887,53.0,26.899494936611667,0.5903061486791539,0.5969965217255625,154.8490566037736,169.9811320754717,137.24528301886792
118,44,330.9166666666667,227.36111111111111,36.0,21.656854249492383,0.716675253737333,0.594313298304071,155.0,168.86111111111111,136.55555555555554
118,52,331.2608695652174,234.08695652173913,23.0,15.863961030678928,0.6046151605247017,0.6017781440757481,155.91304347826087,168.0,137.82608695652175
118,54,380.1333333333333,238.2,15.0,14.207106781186548,0.9449639008890272,0.24454348327566322,148.06666666666666,168.8,57.6
118,59,328.6,238.36666666666667,30.0,19.863961030678926,0.5628625854000049,0.6205502499038832,156.96666666666667,168.16666666666666,141.6
118,61,326.4878048780488,244.02439024390245,41.0,27.86396103067893,0.7604710677558534,0.6052100493998442,157.1219512195122,168.14634146341464,138.02439024390245
118,76,367.75,250.95,20.0,17.207106781186546,0.9402569676408163,0.24291080353710107,147.9,168.7,57.25
118,86,334.52941176470586,253.52941176470588,17.0,13.449747468305832,0.6700280698894645,0.3329877116733117,151.7058823529412,166.76470588235293,77.41176470588235
119,6,394.25,193.5,16.0,12.621320343559642,0.6684259051603841,0.5045206170703576,160.25,174.3125,113.8125
119,10,382.05555555555554,194.44444444444446,18.0,14.485281374238571,0.8261197122104006,0.5396535520526293,159.5,173.66666666666666,122.05555555555556
119,13,412.8,197.93333333333334,15.0,13.071067811865476,0.6372774688015339,0.5463356486821308,159.73333333333332,174.13333333333333,123.46666666666667
119,22,375.4,205.3,20.0,14.727922061357855,0.5860711545377085,0.47138869665513267,157.8,171.15,107.25
119,36,413.8421052631579,210.26315789473685,19.0,14.242640687119286,0.801870061677453,0.4921290660634467,160.1578947368421,173.10526315789474,111.05263157894737
119,42,413.6666666666667,218.0,18.0,12.82842712474619,0.6123724356957945,0.4161345351502982,157.16666666666666,172.66666666666666,94.88888888888889
119,43,390.9375,227.5625,16.0,13.414213562373096,0.4763474407346717,0.27302203479430986,149.9375,169.75,63.875
119,44,409.9473684210526,229.68421052631578,19.0,19.414213562373096,0.9928802772173355,0.2745348528852636,149.78947368421052,171.94736842105263,64.26315789473684
119,48,380.1333333333333,238.2,15.0,14.207106781186548,0.9449639008890272,0.24454348327566322,148.06666666666666,168.8,57.6
119,52,408.1666666666667,239.0,18.0,18.207106781186546,0.9751572392786962,0.22405399632619935,146.88888888888889,170.5,53.0
119,59,392.94444444444446,247.11111111111111,18.0,16.44974746830583,0.8879849436997556,0.23085479943611428,148.0,171.05555555555554,54.388888888888886
119,65,367.3636363636364,250.77272727272728,22.0,20.414213562373096,0.9504488458221274,0.242396694214876,147.86363636363637,168.54545454545453,57.13636363636363
120,7,394.25,193.5,16.0,12.621320343559642,0.6684259051603841,0.5045206170703576,160.25,174.3125,113.8125
120,13,426.625,197.1875,16.0,12.242640687119284,0.7861611582758199,0.3212172001153403,128.875,54.625,81.3125
120,17,427.4347826086956,201.91304347826087,23.0,16.242640687119284,0.8365567978552748,0.3613915543607265,129.1304347826087,53.47826086956522,91.3913043478261
120,24,414.42105263157896,210.3684210526316,19.0,14.727922061357855,0.5281913223057466,0.4946043126391831,160.10526315789474,173.21052631578948,111.63157894736842
120,37,413.9,218.0,20.0,14.485281374238571,0.3514675116774038,0.4171822376009227,157.25,172.6,95.1
120,41,433.1463414634146,221.0,41.0,22.82842712474619,0.8153143533831447,0.4655399595771634,129.65853658536585,127.70731707317073,117.48780487804878
120,44,417.8235294117647,225.52941176470588,17.0,16.414213562373096,0.9866681221513051,0.32019710279118097,152.47058823529412,172.94117647058823,74.23529411764706
120,46,390.9375,227.5625,16.0,13.414213562373096,0.4763474407346717,0.27302203479430986,149.9375,169.75,63.875
120,50,411.72727272727275,231.12121212121212,33.0,29.207106781186546,0.9527965106076833,0.2683675594150586,149.3939393939394,172.06060606060606,62.90909090909091
120,52,432.07142857142856,233.0,42.0,23.656854249492383,0.7898033592274557,0.3494483893775375,129.3095238095238,71.76190476190476,88.30952380952381
120,57,415.2,240.06666666666666,15.0,13.207106781186548,0.9774837993658931,0.21820421205519244,146.26666666666668,171.93333333333334,51.733333333333334
120,60,408.4117647058824,239.05882352941177,17.0,17.414213562373096,0.971399455260991,0.22350349679189133,146.8235294117647,170.47058823529412,52.88235294117647
120,62,431.0,242.0,31.0,18.82842712474619,0.7175190960564862,0.33968672098820557,128.83870967741936,60.483870967741936,86.0
120,63,392.94444444444446,247.11111111111111,18.0,16.44974746830583,0.8879849436997556,0.23085479943611428,148.0,171.05555555555554,54.388888888888886
120,68,429.3333333333333,248.61111111111111,18.0,14.242640687119284,0.8463219152004547,0.3017414954362282,128.66666666666666,37.611111111111114,76.44444444444444
120,74,428.8695652173913,253.17391304347825,23.0,15.414213562373096,0.520404143925223,0.6071824927012949,128.52173913043478,22.130434782608695,76.95652173913044
121,1,425.46666666666664,193.86666666666667,15.0,12.242640687119284,0.8385023707172753,0.362162518689393,129.46666666666667,46.86666666666667,91.46666666666667
121,2,426.625,197.1875,16.0,12.242640687119284,0.7861611582758199,0.3212172001153403,128.875,54.625,81.3125
121,3,427.4347826086956,201.91304347826087,23.0,16.242640687119284,0.8365567978552748,0.3613915543607265,129.1304347826087,53.47826086956522,91.3913043478261
121,13,433.1463414634146,221.0,41.0,22.82842712474619,0.8153143533831447,0.4655399595771634,129.65853658536585,127.70731707317073,117.48780487804878
121,20,432.07142857142856,233.0,42.0,23.656854249492383,0.7898033592274557,0.3494483893775375,129.3095238095238,71.76190476190476,88.30952380952381
121,22,431.0,242.0,31.0,18.82842712474619,0.7175190960564862,0.33968672098820557,128.83870967741936,60.483870967741936,86.0
121,25,429.3333333333333,248.61111111111111,18.0,14.242640687119284,0.8463219152004547,0.3017414954362282,128.66666666666666,37.611111111111114,76.44444444444444
121,26,428.8695652173913,253.17391304347825,23.0,15.414213562373096,0.520404143925223,0.6071824927012949,128.52173913043478,22.130434782608695,76.95652173913044
132,2,229.33333333333334,230.61111111111111,18.0,14.242640687119284,0.8463219152004547,0.23354265453458065,128.66666666666666,40.0,59.166666666666664
132,3,228.98901098901098,260.1978021978022,273.0,115.4142135623731,0.9959755618098045,0.40392781655339166,128.52747252747253,26.124542124542124,51.1941391941392
132,11,245.73333333333335,277.6666666666667,15.0,11.65685424949238,0.5526820968472154,0.3189960784313725,153.06666666666666,173.8,73.8
132,15,237.22222222222223,284.94444444444446,18.0,15.071067811865476,0.7893772319499383,0.34282692791471464,155.77777777777777,175.11111111111111,78.55555555555556
133,4,229.33333333333334,230.61111111111111,18.0,14.242640687119284,0.8463219152004547,0.23354265453458065,128.66666666666666,40.0,59.166666666666664
133,11,228.98901098901098,260.1978021978022,273.0,115.4142135623731,0.9959755618098045,0.40392781655339166,128.52747252747253,26.124542124542124,51.1941391941392
133,19,263.92,242.24,25.0,21.035533905932738,0.8149518477203067,0.29905804844290657,150.44,170.84,69.84
133,24,271.3333333333333,246.26666666666665,15.0,13.207106781186548,0.8547826765682254,0.2906492374727669,149.93333333333334,169.8,68.0
133,29,255.64705882352942,253.94117647058823,17.0,13.414213562373096,0.8757267355038014,0.2781909007581593,149.2941176470588,172.41176470588235,65.23529411764706
133,37,245.73333333333335,277.6666666666667,15.0,11.65685424949238,0.5526820968472154,0.3189960784313725,153.06666666666666,173.8,73.8
133,43,237.22222222222223,284.94444444444446,18.0,15.071067811865476,0.7893772319499383,0.34282692791471464,155.77777777777777,175.11111111111111,78.55555555555556
134,21,263.39285714285717,242.5,28.0,24.242640687119284,0.765861804849467,0.29801047870128444,150.39285714285714,171.07142857142858,69.60714285714286
134,31,271.3333333333333,246.26666666666665,15.0,13.207106781186548,0.8547826765682254,0.2906492374727669,149.93333333333334,169.8,68.0
134,39,290.8333333333333,248.38888888888889,18.0,14.035533905932738,0.5383769699833133,0.3042770824136965,150.88888888888889,170.27777777777777,70.94444444444444
134,40,308.5,252.0,16.0,16.414213562373096,0.8991004548071024,0.29311082276047673,150.75,168.1875,68.375
134,60,292.52173913043475,261.7391304347826,23.0,22.414213562373096,0.9753441897527244,0.3575026327666617,154.0,170.7391304347826,82.43478260869566
134,63,302.3,265.65,20.0,18.035533905932738,0.8672626768296438,0.34259400230680515,153.1,169.4,79.25
134,69,317.88235294117646,267.2352941176471,17.0,16.035533905932738,0.8229419956406387,0.47878981866170717,159.1764705882353,168.94117647058823,108.41176470588235
134,76,285.7826086956522,272.2608695652174,23.0,17.621320343559642,0.852189239864627,0.40263077527982916,156.17391304347825,170.04347826086956,92.1304347826087
134,85,308.94444444444446,274.8888888888889,18.0,14.48528137423857,0.8492025883226961,0.36954561635838074,154.33333333333334,169.11111111111111,85.11111111111111
134,92,285.1333333333333,278.4666666666667,15.0,11.65685424949238,0.47609522856952347,0.428157922166688,156.86666666666667,170.53333333333333,97.73333333333333
134,106,300.1333333333333,284.4666666666667,15.0,13.621320343559642,0.9336295099562179,0.4556114315007048,156.86666666666667,169.66666666666666,104.0
135,10,330.9032258064516,227.83870967741936,31.0,20.035533905932738,0.6131412655942067,0.5955456338132976,155.0,168.80645161290323,136.83870967741936
135,22,331.2608695652174,234.08695652173913,23.0,15.863961030678928,0.6046151605247017,0.6017781440757481,155.91304347826087,168.0,137.82608695652175
135,31,328.125,239.025,40.0,23.278174593052025,0.5182643753117455,0.614096568627451,157.175,168.1,140.025
135,33,326.4193548387097,245.0,31.0,21.82842712474619,0.7068740359893878,0.6085963415175705,156.90322580645162,168.2258064516129,138.90322580645162
135,40,291.05,249.65,20.0,15.071067811865476,0.7899939394726889,0.3087681276432142,151.05,169.6,71.95
135,41,308.5,252.0,16.0,16.414213562373096,0.8991004548071024,0.29311082276047673,150.75,168.1875,68.375
135,43,344.55555555555554,252.55555555555554,18.0,16.621320343559642,0.9857585727768972,0.20692516173741346,147.22222222222223,164.5,48.888888888888886
135,47,324.0,251.61111111111111,18.0,13.242640687119284,0.8551509109619999,0.5810152790237373,156.77777777777777,169.33333333333334,132.66666666666666
135,48,334.52941176470586,253.52941176470588,17.0,13.449747468305832,0.6700280698894645,0.3329877116733117,151.7058823529412,166.76470588235293,77.41176470588235
135,51,323.35,254.5,20.0,15.863961030678926,0.8768081577563148,0.5725653594771242,156.75,169.4,130.75
135,58,321.72222222222223,257.72222222222223,18.0,14.65685424949238,0.5787555031555438,0.5603342494102457,156.77777777777777,169.27777777777777,127.94444444444444
135,63,293.88235294117646,260.88235294117646,17.0,17.207106781186546,0.9731533297948445,0.3574028088744148,154.0,170.76470588235293,82.41176470588235
135,67,333.88,262.68,25.0,19.449747468305834,0.9376509439196521,0.400236708958093,156.12,166.64,91.6
135,69,325.40625,261.125,32.0,19.899494936611667,0.6942136907824944,0.5567203719723184,156.625,168.875,127.1875
135,73,302.04761904761904,265.6666666666667,21.0,18.82842712474619,0.8906067828618622,0.3434183084998705,153.14285714285714,169.42857142857142,79.42857142857143
135,80,349.2,263.75,20.0,16.86396103067893,0.6933486105483675,0.4147641291810842,155.15,168.85,95.25
135,83,314.8421052631579,266.89473684210526,19.0,15.071067811865476,0.6069013712234156,0.4053576666123514,155.26315789473685,169.10526315789474,93.05263157894737
135,93,324.1388888888889,269.55555555555554,36.0,21.071067811865476,0.7199302134401713,0.5969724370019129,157.19444444444446,168.41666666666666,136.11111111111111
135,121,308.94444444444446,274.8888888888889,18.0,14.48528137423857,0.8492025883226961,0.36954561635838074,154.33333333333334,169.11111111111111,85.11111111111111
135,127,321.75555555555553,277.31111111111113,45.0,25.48528137423857,0.3765298578288071,0.5928542051727493,157.51111111111112,168.3111111111111,135.0222222222222
135,128,349.4666666666667,275.8666666666667,15.0,11.65685424949238,0.47609522856952347,0.4603877141270452,158.93333333333334,168.73333333333332,104.33333333333333
135,144,323.875,282.8125,16.0,12.82842712474619,0.8302723527897015,0.6423310745866975,156.375,168.5625,146.875
135,146,300.1333333333333,284.4666666666667,15.0,13.621320343559642,0.9336295099562179,0.4556114315007048,156.86666666666667,169.66666666666666,104.0
136,10,330.9032258064516,227.83870967741936,31.0,20.035533905932738,0.6131412655942067,0.5955456338132976,155.0,168.80645161290323,136.83870967741936
136,16,331.2608695652174,234.08695652173913,23.0,15.863961030678928,0.6046151605247017,0.6017781440757481,155.91304347826087,168.0,137.82608695652175
136,18,380.1333333333333,238.2,15.0,14.207106781186548,0.9449639008890272,0.24454348327566322,148.06666666666666,168.8,57.6
136,23,328.125,239.025,40.0,23.278174593052025,0.5182643753117455,0.614096568627451,157.175,168.1,140.025
136,25,326.4193548387097,245.0,31.0,21.82842712474619,0.7068740359893878,0.6085963415175705,156.90322580645162,168.2258064516129,138.90322580645162
136,39,344.55555555555554,252.55555555555554,18.0,16.621320343559642,0.9857585727768972,0.20692516173741346,147.22222222222223,164.5,48.888888888888886
136,41,366.73333333333335,250.06666666666666,15.0,13.207106781186548,0.9653152423193383,0.2432349950873596,147.86666666666667,168.6,57.333333333333336
136,50,323.93333333333334,253.8,15.0,12.242640687119284,0.8678684498200899,0.5818387799564271,156.46666666666667,169.46666666666667,133.0
136,51,334.52941176470586,253.52941176470588,17.0,13.449747468305832,0.6700280698894645,0.3329877116733117,151.7058823529412,166.76470588235293,77.41176470588235
136,55,368.375,255.625,16.0,12.485281374238571,0.7071067811865476,0.24013510428681276,148.0625,168.9375,56.5625
136,57,322.4117647058824,256.94117647058823,17.0,13.035533905932738,0.43399663186264215,0.5788963254750301,156.41176470588235,169.1764705882353,132.35294117647058
136,67,333.88,262.68,25.0,19.449747468305834,0.9376509439196521,0.400236708958093,156.12,166.64,91.6
136,70,325.6896551724138,261.17241379310343,29.0,20.071067811865476,0.5898843806152432,0.5574164148884473,156.55172413793105,168.89655172413794,127.37931034482759
136,74,353.7037037037037,262.3333333333333,27.0,17.899494936611667,0.701063612640274,0.3990144974313456,154.7037037037037,169.1851851851852,91.77777777777777
136,81,325.1,266.05,20.0,16.86396103067893,0.6289622299747428,0.5896900807381776,156.35,168.45,134.85
136,83,348.75,263.9375,16.0,13.242640687119284,0.7940201364140559,0.41907601643598613,154.9375,168.6875,96.3125
136,107,324.45,270.8,20.0,14.621320343559642,0.655754776538395,0.6049504036908881,157.05,168.4,138.0
136,110,359.06666666666666,269.73333333333335,15.0,11.65685424949238,0.7343887778710586,0.45276199752232044,155.26666666666668,169.06666666666666,103.93333333333334
136,115,367.7647058823529,270.70588235294116,17.0,13.071067811865476,0.4904879621851718,0.28577818752170114,152.05882352941177,168.52941176470588,66.3529411764706
136,127,358.5,273.72222222222223,18.0,15.621320343559644,0.8798927636227432,0.41963048400187963,157.72222222222223,168.94444444444446,95.5
136,131,323.0952380952381,275.85714285714283,21.0,16.242640687119284,0.8548243643262269,0.6341883158492156,157.71428571428572,168.04761904761904,144.33333333333334
136,136,349.6470588235294,275.5882352941176,17.0,13.449747468305832,0.7292485308301923,0.4623284363613143,159.11764705882354,168.58823529411765,104.70588235294117
136,143,324.04545454545456,281.95454545454544,22.0,16.485281374238568,0.8504635213860807,0.6315304031189529,156.63636363636363,168.36363636363637,144.27272727272728
136,144,367.8333333333333,279.94444444444446,18.0,14.242640687119286,0.899994626486704,0.3333840260868327,153.33333333333334,169.61111111111111,77.05555555555556
137,0,391.1111111111111,227.16666666666666,18.0,15.414213562373096,0.7057852062172703,0.27634091351379575,150.11111111111111,170.0,64.61111111111111
137,3,409.65,229.5,20.0,20.414213562373096,0.9939269788129784,0.2754425990003844,149.9,171.95,64.45
137,7,380.1333333333333,238.2,15.0,14.207106781186548,0.9449639008890272,0.24454348327566322,148.06666666666666,168.8,57.6
137,11,408.1666666666667,239.0,18.0,18.207106781186546,0.9751572392786962,0.22405399632619935,146.88888888888889,170.5,53.0
137,18,392.94444444444446,247.11111111111111,18.0,16.44974746830583,0.8879849436997556,0.23085479943611428,148.0,171.05555555555554,54.388888888888886
137,24,366.3529411764706,249.94117647058823,17.0,16.414213562373096,0.9695465705736136,0.24253157888435245,147.8235294117647,168.41176470588235,57.1764705882353
137,32,368.375,255.625,16.0,12.485281374238571,0.7071067811865476,0.24013510428681276,148.0625,168.9375,56.5625
137,35,407.8235294117647,258.11764705882354,17.0,13.071067811865474,0.6826018301990936,0.22667406334268564,147.35294117647058,171.8235294117647,53.529411764705884
137,39,354.35,262.9,20.0,15.692388155425117,0.7442015628187014,0.417664705882353,155.05,169.25,95.95
137,53,402.36842105263156,266.8421052631579,19.0,17.414213562373096,0.9446787543437799,0.2643172613133027,150.1578947368421,171.73684210526315,61.78947368421053
137,59,412.2352941176471,268.5882352941176,17.0,13.071067811865476,0.5599240934577882,0.2688964718121457,150.05882352941177,174.94117647058823,62.88235294117647
137,60,359.06666666666666,269.73333333333335,15.0,11.65685424949238,0.7343887778710586,0.45276199752232044,155.26666666666668,169.06666666666666,103.93333333333334
137,65,367.7647058823529,270.70588235294116,17.0,13.071067811865476,0.4904879621851718,0.28577818752170114,152.05882352941177,168.52941176470588,66.3529411764706
137,73,358.5,273.72222222222223,18.0,15.621320343559644,0.8798927636227432,0.41963048400187963,157.72222222222223,168.94444444444446,95.5
137,80,367.8421052631579,280.0526315789474,19.0,15.071067811865476,0.8607438219350265,0.33364069434193755,153.3684210526316,169.57894736842104,77.10526315789474
138,0,391.0,227.35294117647058,17.0,15.621320343559642,0.630001538886777,0.2749334365675166,150.05882352941177,169.88235294117646,64.29411764705883
138,5,411.5,230.97058823529412,34.0,30.207106781186546,0.9577106818603646,0.2690806437236677,149.47058823529412,172.05882352941177,63.05882352941177
138,7,432.07142857142856,233.0,42.0,23.656854249492383,0.7898033592274557,0.3494483893775375,129.3095238095238,71.76190476190476,88.30952380952381
138,12,415.2,240.06666666666666,15.0,13.207106781186548,0.9774837993658931,0.21820421205519244,146.26666666666668,171.93333333333334,51.733333333333334
138,15,408.4117647058824,239.05882352941177,17.0,17.414213562373096,0.971399455260991,0.22350349679189133,146.8235294117647,170.47058823529412,52.88235294117647
138,17,431.0,242.0,31.0,18.82842712474619,0.7175190960564862,0.33968672098820557,128.83870967741936,60.483870967741936,86.0
138,18,392.94444444444446,247.11111111111111,18.0,16.44974746830583,0.8879849436997556,0.23085479943611428,148.0,171.05555555555554,54.388888888888886
138,23,429.6,249.76,25.0,18.44974746830583,0.9389703954336213,0.5089762276047674,128.48,27.08,64.52
138,27,428.2857142857143,254.14285714285714,21.0,16.242640687119284,0.8825055677233407,0.3604566532495351,128.76190476190476,32.333333333333336,91.28571428571429
138,28,407.8235294117647,258.11764705882354,17.0,13.071067811865474,0.6826018301990936,0.22667406334268564,147.35294117647058,171.8235294117647,53.529411764705884
138,29,428.0,260.0,31.0,18.82842712474619,0.7175190960564862,0.2826614753550723,128.7741935483871,32.70967741935484,71.58064516129032
138,30,427.7894736842105,265.6842105263158,19.0,15.035533905932738,0.9013615451245011,0.5678528501183756,128.42105263157896,26.0,72.0
138,32,402.36842105263156,266.8421052631579,19.0,17.414213562373096,0.9446787543437799,0.2643172613133027,150.1578947368421,171.73684210526315,61.78947368421053
138,34,426.45454545454544,269.4090909090909,22.0,16.44974746830583,0.931438405867913,0.38669488213369935,128.8181818181818,77.9090909090909,97.9090909090909
138,36,412.25,268.25,16.0,16.727922061357855,0.7352146220938077,0.2680667892156862,150.0625,174.875,62.6875
138,55,420.1666666666667,285.3888888888889,18.0,14.035533905932738,0.5383769699833136,0.5488171216198896,129.66666666666666,48.77777777777778,138.5
139,3,432.07142857142856,233.0,42.0,23.656854249492383,0.7898033592274557,0.3494483893775375,129.3095238095238,71.76190476190476,88.30952380952381
139,5,431.0,242.0,31.0,18.82842712474619,0.7175190960564862,0.33968672098820557,128.83870967741936,60.483870967741936,86.0
139,8,429.5769230769231,249.84615384615384,26.0,18.44974746830583,0.935557351781416,0.504837784284151,128.46153846153845,26.03846153846154,64.0
139,9,428.25,254.25,20.0,15.035533905932738,0.8920181639527608,0.3684650519031142,128.8,33.95,93.3
139,10,428.0,260.0,31.0,18.82842712474619,0.7175190960564862,0.2826614753550723,128.7741935483871,32.70967741935484,71.58064516129032
139,11,427.75,265.8,20.0,15.65685424949238,0.8896346271384804,0.28421107266435985,128.5,32.95,72.05
139,12,426.42857142857144,269.4761904761905,21.0,15.86396103067893,0.9356994753512481,0.39129384215559865,128.76190476190476,73.76190476190476,99.0952380952381
139,23,420.1666666666667,285.3888888888889,18.0,14.035533905932738,0.5383769699833136,0.5488171216198896,129.66666666666666,48.77777777777778,138.5
150,0,228.9840425531915,274.3031914893617,188.0,81.4142135623731,0.9915054903343576,0.4255591548258853,128.5,23.68617021276596,53.941489361702125
150,4,245.73333333333335,277.6666666666667,15.0,11.65685424949238,0.5526820968472154,0.3189960784313725,153.06666666666666,173.8,73.8
150,8,237.13333333333333,284.53333333333336,15.0,12.485281374238571,0.7613815723014773,0.3388667264727242,155.46666666666667,175.13333333333333,77.73333333333333
151,0,228.9840425531915,274.3031914893617,188.0,81.4142135623731,0.9915054903343576,0.4255591548258853,128.5,23.68617021276596,53.941489361702125
151,14,267.5,286.125,16.0,16.207106781186546,0.9876133011057593,0.38654585976547484,155.8125,172.125,88.5625
151,15,237.13333333333333,284.53333333333336,15.0,12.485281374238571,0.7613815723014773,0.3388667264727242,155.46666666666667,175.13333333333333,77.73333333333333
151,20,256.11764705882354,290.7647058823529,17.0,15.035533905932738,0.9205680566907237,0.3935135940528597,157.05882352941177,173.41176470588235,89.76470588235294
151,29,280.29411764705884,297.88235294117646,17.0,16.414213562373096,0.9256955309574061,0.4431177255487309,158.11764705882354,170.35294117647058,100.70588235294117
151,36,273.3809523809524,298.9047619047619,21.0,15.071067811865476,0.7630906883283907,0.42278659611992947,157.38095238095238,171.38095238095238,96.33333333333333
151,68,266.8666666666667,315.6666666666667,30.0,26.82842712474619,0.9136527583898878,0.4787097270280662,161.83333333333334,173.6,107.4
152,3,292.52173913043475,261.7391304347826,23.0,22.414213562373096,0.9753441897527244,0.3575026327666617,154.0,170.7391304347826,82.43478260869566
152,6,302.22727272727275,265.6818181818182,22.0,19.621320343559642,0.8986287315601195,0.3433816618528792,153.1818181818182,169.4090909090909,79.4090909090909
152,12,317.77777777777777,267.1111111111111,18.0,16.621320343559645,0.8331659595912616,0.4767704728950403,159.05555555555554,168.94444444444446,108.0
152,19,285.6363636363636,272.3181818181818,22.0,18.414213562373096,0.8490786022115903,0.40266788679497084,156.1818181818182,170.04545454545453,92.13636363636364
152,28,308.94444444444446,274.8888888888889,18.0,14.48528137423857,0.8492025883226961,0.36954561635838074,154.33333333333334,169.11111111111111,85.11111111111111
152,35,285.1333333333333,278.46666666666664,15.0,11.65685424949238,0.47609522856952347,0.428157922166688,156.86666666666667,170.53333333333333,97.73333333333333
152,50,267.5,286.125,16.0,16.207106781186546,0.9876133011057593,0.38654585976547484,155.8125,172.125,88.5625
152,67,304.8636363636364,291.95454545454544,22.0,13.0,0.8750136794464541,0.4383628674286113,157.04545454545453,169.45454545454547,100.0
152,70,280.29411764705884,297.88235294117646,17.0,16.414213562373096,0.9256955309574061,0.4431177255487309,158.11764705882354,170.35294117647058,100.70588235294117
152,72,273.3809523809524,298.9047619047619,21.0,15.071067811865476,0.7630906883283907,0.42278659611992947,157.38095238095238,171.38095238095238,96.33333333333333
152,94,266.8666666666667,315.6666666666667,30.0,26.82842712474619,0.9136527583898878,0.4787097270280662,161.83333333333334,173.6,107.4
153,1,322.04761904761904,257.4761904761905,21.0,16.44974746830583,0.5515397047119258,0.564925578074367,156.76190476190476,169.23809523809524,129.0
153,6,293.88235294117646,260.88235294117646,17.0,17.207106781186546,0.9731533297948445,0.3574028088744148,154.0,170.76470588235293,82.41176470588235
153,10,333.88,262.68,25.0,19.449747468305834,0.9376509439196521,0.400236708958093,156.12,166.64,91.6
153,12,325.40625,261.125,32.0,19.899494936611667,0.6942136907824944,0.5567203719723184,156.625,168.875,127.1875
153,16,302.3,265.65,20.0,18.035533905932738,0.8672626768296438,0.34259400230680515,153.1,169.4,79.25
153,23,349.2,263.75,20.0,16.86396103067893,0.6933486105483675,0.4147641291810842,155.15,168.85,95.25
153,26,314.875,266.4166666666667,24.0,16.48528137423857,0.23663674630302003,0.4069824106113033,155.41666666666666,169.125,93.375
153,36,324.1388888888889,269.55555555555554,36.0,21.071067811865476,0.7199302134401713,0.5969724370019129,157.19444444444446,168.41666666666666,136.11111111111111
153,64,308.94444444444446,274.8888888888889,18.0,14.48528137423857,0.8492025883226961,0.36954561635838074,154.33333333333334,169.11111111111111,85.11111111111111
153,70,321.75555555555553,277.31111111111113,45.0,25.48528137423857,0.3765298578288071,0.5928542051727493,157.51111111111112,168.3111111111111,135.0222222222222
153,71,349.4666666666667,275.8666666666667,15.0,11.65685424949238,0.47609522856952347,0.4603877141270452,158.93333333333334,168.73333333333332,104.33333333333333
153,87,324.0,282.8666666666667,15.0,12.621320343559642,0.8610352436079247,0.6387102396514162,156.46666666666667,168.53333333333333,146.0
153,101,330.0526315789474,286.5263157894737,19.0,15.313708498984761,0.5872202195147034,0.4736769258787106,160.0,167.68421052631578,106.94736842105263
153,104,304.8636363636364,291.95454545454544,22.0,13.0,0.8750136794464541,0.4383628674286113,157.04545454545453,169.45454545454547,100.0
153,106,328.65,290.5,20.0,15.65685424949238,0.8087969594028517,0.48986920415224916,159.1,168.35,110.95
153,107,344.0869565217391,293.60869565217394,23.0,23.242640687119284,0.9568507896229006,0.48568398514748945,160.1304347826087,168.7391304347826,109.6086956521739
153,109,319.1,299.3,20.0,18.207106781186546,0.9350603127693293,0.49122168396770477,155.8,168.5,112.55
153,123,347.88235294117646,300.1764705882353,17.0,13.035533905932738,0.7979109060850237,0.48009482645083273,159.64705882352942,169.23529411764707,108.52941176470588
153,124,326.875,301.375,16.0,12.485281374238571,0.3370999312316211,0.5184815936178393,158.625,168.3125,117.625
153,136,339.3103448275862,310.2758620689655,29.0,27.207106781186546,0.7099068276227974,0.4971495185470146,160.72413793103448,169.20689655172413,111.96551724137932
153,138,323.77777777777777,311.0740740740741,27.0,24.621320343559642,0.7171270489631238,0.5194317475235071,158.77777777777777,168.11111111111111,117.77777777777777
153,168,327.6470588235294,317.88235294117646,17.0,13.449747468305832,0.6898809914976781,0.5192104181383524,159.11764705882354,168.41176470588235,117.58823529411765
154,0,322.53333333333336,257.2,15.0,11.621320343559642,0.7394444194256143,0.5793697808535179,156.4,169.2,132.46666666666667
154,8,333.88,262.68,25.0,19.449747468305834,0.9376509439196521,0.400236708958093,156.12,166.64,91.6
154,11,325.6896551724138,261.17241379310343,29.0,20.071067811865476,0.5898843806152432,0.5574164148884473,156.55172413793105,168.89655172413794,127.37931034482759
154,15,353.7037037037037,262.3333333333333,27.0,17.899494936611667,0.701063612640274,0.3990144974313456,154.7037037037037,169.1851851851852,91.77777777777777
154,22,325.1,266.05,20.0,16.86396103067893,0.6289622299747428,0.5896900807381776,156.35,168.45,134.85
154,24,348.75,263.9375,16.0,13.242640687119284,0.7940201364140559,0.41907601643598613,154.9375,168.6875,96.3125
154,48,324.45,270.8,20.0,14.621320343559642,0.655754776538395,0.6049504036908881,157.05,168.4,138.0
154,51,359.06666666666666,269.73333333333335,15.0,11.65685424949238,0.7343887778710586,0.45276199752232044,155.26666666666668,169.06666666666666,103.93333333333334
154,56,367.7647058823529,270.70588235294116,17.0,13.071067811865476,0.4904879621851718,0.28577818752170114,152.05882352941177,168.52941176470588,66.3529411764706
154,68,358.5,273.72222222222223,18.0,15.621320343559644,0.8798927636227432,0.41963048400187963,157.72222222222223,168.94444444444446,95.5
154,72,323.0952380952381,275.85714285714283,21.0,16.242640687119284,0.8548243643262269,0.6341883158492156,157.71428571428572,168.04761904761904,144.33333333333334
154,77,349.6470588235294,275.5882352941176,17.0,13.449747468305832,0.7292485308301923,0.4623284363613143,159.11764705882354,168.58823529411765,104.70588235294117
154,84,324.04545454545456,281.95454545454544,22.0,16.485281374238568,0.8504635213860807,0.6315304031189529,156.63636363636363,168.36363636363637,144.27272727272728
154,85,367.8421052631579,280.0526315789474,19.0,15.071067811865476,0.8607438219350265,0.33364069434193755,153.3684210526316,169.57894736842104,77.10526315789474
154,97,330.05263157894734,286.5263157894737,19.0,15.313708498984761,0.5872202195147034,0.4736769258787106,160.0,167.68421052631578,106.94736842105263
154,99,328.57142857142856,290.57142857142856,21.0,15.65685424949238,0.7750925142549755,0.48987159133806024,159.0952380952381,168.38095238095238,110.95238095238095
154,100,344.6,293.4,25.0,24.035533905932738,0.9644908941698949,0.4836111157247213,160.08,168.76,109.16
154,123,365.04545454545456,297.6818181818182,22.0,15.899494936611665,0.6704438451465936,0.3687084751255874,154.8181818181818,169.63636363636363,84.77272727272727
154,128,348.05555555555554,300.3888888888889,18.0,13.863961030678928,0.8436857832634892,0.47803124154527454,159.66666666666666,169.16666666666666,108.05555555555556
154,129,326.875,301.375,16.0,12.485281374238571,0.3370999312316211,0.5184815936178393,158.625,168.3125,117.625
154,137,361.0322580645161,302.258064516129,31.0,19.071067811865476,0.5964448605156898,0.3898914409370286,155.93548387096774,169.61290322580646,89.29032258064517
154,146,339.3103448275862,310.2758620689655,29.0,27.207106781186546,0.7099068276227974,0.4971495185470146,160.72413793103448,169.20689655172413,111.96551724137932
154,151,323.52,311.15999999999997,25.0,23.035533905932738,0.7161868548405512,0.5193211472510573,158.76,168.08,117.76
154,167,353.11764705882354,312.94117647058823,17.0,14.071067811865476,0.8412389219435316,0.3987062734721407,157.8235294117647,168.94117647058823,90.70588235294117
154,181,327.6470588235294,317.88235294117646,17.0,13.449747468305832,0.6898809914976781,0.5192104181383524,159.11764705882354,168.41176470588235,117.58823529411765
155,2,354.35,262.9,20.0,15.692388155425117,0.7442015628187014,0.417664705882353,155.05,169.25,95.95
155,16,402.36842105263156,266.8421052631579,19.0,17.414213562373096,0.9446787543437799,0.2643172613133027,150.1578947368421,171.73684210526315,61.78947368421053
155,22,412.2352941176471,268.5882352941176,17.0,13.071067811865476,0.5599240934577882,0.2688964718121457,150.05882352941177,174.94117647058823,62.88235294117647
155,23,359.06666666666666,269.73333333333335,15.0,11.65685424949238,0.7343887778710586,0.45276199752232044,155.26666666666668,169.06666666666666,103.93333333333334
155,28,367.7647058823529,270.70588235294116,17.0,13.071067811865476,0.4904879621851718,0.28577818752170114,152.05882352941177,168.52941176470588,66.3529411764706
155,36,358.5,273.72222222222223,18.0,15.621320343559644,0.8798927636227432,0.41963048400187963,157.72222222222223,168.94444444444446,95.5
155,43,367.8421052631579,280.0526315789474,19.0,15.071067811865476,0.8607438219350265,0.33364069434193755,153.3684210526316,169.57894736842104,77.10526315789474
155,76,365.04545454545456,297.6818181818182,22.0,15.899494936611665,0.6704438451465936,0.3687084751255874,154.8181818181818,169.63636363636363,84.77272727272727
155,87,361.03225806451616,302.258064516129,31.0,19.071067811865476,0.5964448605156898,0.3898914409370286,155.93548387096774,169.61290322580646,89.29032258064517
155,91,396.6388888888889,306.5833333333333,36.0,22.485281374238568,0.8277052473655098,0.4644479093985695,160.38888888888889,175.69444444444446,104.72222222222223
155,92,411.7704918032787,310.7377049180328,61.0,39.24264068711929,0.9628348835184307,0.3940040426433469,129.21311475409837,59.18032786885246,99.60655737704919
155,93,391.3888888888889,307.8333333333333,18.0,14.035533905932738,0.7247480747777502,0.47716367399053544,160.77777777777777,174.88888888888889,107.44444444444444
155,94,399.3809523809524,310.0952380952381,21.0,14.65685424949238,0.5436904976118351,0.48026269331261917,161.28571428571428,176.04761904761904,107.95238095238095
156,1,428.0,260.0,31.0,18.82842712474619,0.7175190960564862,0.2826614753550723,128.7741935483871,32.70967741935484,71.58064516129032
156,2,427.7894736842105,265.6842105263158,19.0,15.035533905932738,0.9013615451245011,0.5678528501183756,128.42105263157896,26.0,72.0
156,4,402.36842105263156,266.8421052631579,19.0,17.414213562373096,0.9446787543437799,0.2643172613133027,150.1578947368421,171.73684210526315,61.78947368421053
156,6,426.45454545454544,269.40909090909093,22.0,16.44974746830583,0.931438405867913,0.38669488213369935,128.8181818181818,77.9090909090909,97.9090909090909
156,8,412.25,268.25,16.0,16.727922061357855,0.7352146220938077,0.2680667892156862,150.0625,174.875,62.6875
156,18,394.6,277.4,15.0,12.035533905932738,0.6488147449648081,0.2702624118928617,150.06666666666666,171.8,63.2
156,27,420.69565217391306,286.4347826086956,23.0,17.65685424949238,0.9317280532334846,0.4348045865738712,129.1304347826087,38.30434782608695,109.95652173913044
156,33,418.70588235294116,292.29411764705884,17.0,13.035533905932738,0.8640636784178614,0.3562311541076164,128.7058823529412,43.11764705882353,90.23529411764706
156,34,386.22222222222223,293.1111111111111,18.0,13.65685424949238,0.7610136145622337,0.28159848301460505,150.61111111111111,172.55555555555554,65.72222222222223
156,43,415.4117647058824,301.52941176470586,17.0,13.65685424949238,0.8863278590397203,0.3924055826279219,128.8235294117647,59.76470588235294,99.3529411764706
156,48,395.44,306.68,25.0,16.242640687119284,0.545530395430319,0.47145889119569395,160.56,175.56,106.24
156,49,391.3888888888889,307.8333333333333,18.0,14.035533905932738,0.7247480747777502,0.47716367399053544,160.77777777777777,174.88888888888889,107.44444444444444
156,50,399.375,308.8125,32.0,21.485281374238568,0.8173975323675571,0.4693294496107267,160.84375,176.03125,105.65625
156,54,386.8666666666667,313.6,15.0,14.82842712474619,0.9561809544760388,0.48285018582596434,162.0,174.26666666666668,108.26666666666667
157,1,428.0,260.0,31.0,18.82842712474619,0.7175190960564862,0.2826614753550723,128.7741935483871,32.70967741935484,71.58064516129032
157,2,427.75,265.8,20.0,15.65685424949238,0.8896346271384804,0.28421107266435985,128.5,32.95,72.05
157,3,426.42857142857144,269.4761904761905,21.0,15.86396103067893,0.9356994753512481,0.39129384215559865,128.76190476190476,73.76190476190476,99.0952380952381
157,14,420.69565217391306,286.4347826086956,23.0,17.65685424949238,0.9317280532334846,0.4348045865738712,129.1304347826087,38.30434782608695,109.95652173913044
168,0,228.89285714285714,290.32142857142856,28.0,17.414213562373096,0.5722396840745007,0.4358381784086182,128.14285714285714,25.75,55.32142857142857
168,68,254.0,332.23809523809524,21.0,16.44974746830583,0.8645209529102751,0.5261352296910049,166.8095238095238,175.33333333333334,116.04761904761905
169,0,228.89285714285714,290.32142857142856,28.0,17.414213562373096,0.5722396840745007,0.4358381784086182,128.14285714285714,25.75,55.32142857142857
169,10,280.29411764705884,297.88235294117646,17.0,16.414213562373096,0.9256955309574061,0.4431177255487309,158.11764705882354,170.35294117647058,100.70588235294117
169,17,273.3809523809524,298.9047619047619,21.0,15.071067811865476,0.7630906883283907,0.42278659611992947,157.38095238095238,171.38095238095238,96.33333333333333
169,49,267.1290322580645,315.741935483871,31.0,29.035533905932738,0.8707872068607645,0.47821379834298905,161.74193548387098,173.6451612903226,107.3225806451613
169,60,277.7368421052632,320.3157894736842,19.0,17.621320343559642,0.9513217803899302,0.4529453299977315,160.1578947368421,172.89473684210526,102.21052631578948
169,100,260.75,340.5,16.0,12.485281374238571,0.6813851438692469,0.5433304498269895,165.5,174.4375,120.375
169,110,252.46808510638297,343.75531914893617,94.0,55.248737341529164,0.9734698686224286,0.3702002137632408,129.10638297872342,54.712765957446805,93.62765957446808
170,0,304.8636363636364,291.95454545454544,22.0,13.0,0.8750136794464541,0.4383628674286113,157.04545454545453,169.45454545454547,100.0
170,3,280.29411764705884,297.88235294117646,17.0,16.414213562373096,0.9256955309574061,0.4431177255487309,158.11764705882354,170.35294117647058,100.70588235294117
170,5,273.3809523809524,298.9047619047619,21.0,15.071067811865476,0.7630906883283907,0.42278659611992947,157.38095238095238,171.38095238095238,96.33333333333333
170,27,267.1290322580645,315.741935483871,31.0,29.035533905932738,0.8707872068607645,0.47821379834298905,161.74193548387098,173.6451612903226,107.3225806451613
170,38,277.6,320.5,20.0,18.414213562373092,0.9565633132180149,0.4540728950403691,160.2,172.9,102.45
170,42,302.8333333333333,320.27777777777777,18.0,17.82842712474619,0.9072054278999954,0.48186196192347663,159.16666666666666,169.44444444444446,109.11111111111111
170,45,289.89473684210526,326.10526315789474,19.0,18.207106781186546,0.9692987650205666,0.443805525469109,158.47368421052633,171.31578947368422,100.73684210526316
170,57,306.5882352941176,328.47058823529414,17.0,15.035533905932738,0.8603087596538043,0.4892220053772238,159.35294117647058,169.52941176470588,110.70588235294117
170,63,300.8235294117647,332.1764705882353,17.0,14.414213562373096,0.9482402251050875,0.478951481264193,159.11764705882354,170.23529411764707,108.47058823529412
170,67,258.53333333333336,335.06666666666666,15.0,13.621320343559642,0.9011286720532998,0.55519295997266,165.66666666666666,174.33333333333334,122.93333333333334
170,73,295.5,337.5,16.0,12.485281374238571,0.7685222550084844,0.4839558102652826,159.0625,171.25,109.625
170,77,260.75,340.5,16.0,12.485281374238571,0.6813851438692469,0.5433304498269895,165.5,174.4375,120.375
170,103,257.7307692307692,348.88461538461536,26.0,18.86396103067893,0.800932865813193,0.4704100152649527,129.46153846153845,73.8076923076923,118.8076923076923
171,1,304.8636363636364,291.95454545454544,22.0,13.0,0.8750136794464541,0.4383628674286113,157.04545454545453,169.45454545454547,100.0
171,2,328.6875,291.0625,16.0,12.242640687119286,0.7117639563193815,0.4932295271049596,159.0,168.4375,111.75
171,3,343.95238095238096,293.42857142857144,21.0,21.242640687119284,0.9765441362053109,0.4855397845412675,160.14285714285714,168.71428571428572,109.57142857142857
171,5,319.1,299.3,20.0,18.207106781186546,0.9350603127693293,0.49122168396770477,155.8,168.5,112.55
171,20,326.875,301.375,16.0,12.485281374238571,0.3370999312316211,0.5184815936178393,158.625,168.3125,117.625
171,32,339.17857142857144,310.25,28.0,26.621320343559642,0.7573673469597331,0.49750576701268745,160.75,169.25,112.03571428571429
171,34,323.52,311.16,25.0,23.035533905932738,0.7161868548405512,0.5193211472510573,158.76,168.08,117.76
171,56,340.9473684210526,317.4736842105263,19.0,14.485281374238571,0.7748976325266355,0.4674641438781803,158.05263157894737,169.3684210526316,106.26315789473684
171,61,302.6470588235294,320.1764705882353,17.0,16.82842712474619,0.8974434020155972,0.4813877015627474,159.1764705882353,169.47058823529412,109.0
171,83,341.1136363636364,326.4090909090909,44.0,34.828427124746185,0.9619678206669235,0.4232114952608818,158.79545454545453,169.8181818181818,95.95454545454545
171,87,306.5882352941176,328.47058823529414,17.0,15.035533905932738,0.8603087596538043,0.4892220053772238,159.35294117647058,169.52941176470588,110.70588235294117
171,90,300.8235294117647,332.1764705882353,17.0,14.414213562373096,0.9482402251050875,0.478951481264193,159.11764705882354,170.23529411764707,108.47058823529412
171,100,343.57142857142856,334.42857142857144,28.0,23.82842712474619,0.9095905407458622,0.4201959215058572,158.42857142857142,170.42857142857142,95.39285714285714
171,105,323.0,338.3333333333333,21.0,17.621320343559642,0.9367994495766081,0.49385087368280645,160.1904761904762,168.57142857142858,111.42857142857143
171,110,295.5,337.5,16.0,12.485281374238571,0.7685222550084844,0.4839558102652826,159.0625,171.25,109.625
171,129,320.05,345.95,20.0,18.86396103067893,0.9421610942102248,0.5323445213379469,161.55,170.15,119.55
172,1,328.76190476190476,290.42857142857144,21.0,16.65685424949238,0.7396435446263314,0.48953228350163586,159.14285714285714,168.38095238095238,110.85714285714286
172,2,344.52173913043475,293.2173913043478,23.0,22.035533905932738,0.9807823625849436,0.4832991818618547,160.08695652173913,168.7391304347826,109.08695652173913
172,25,365.1666666666667,297.5,24.0,16.485281374238568,0.655825835783953,0.3682126532530223,154.79166666666666,169.66666666666666,84.66666666666667
172,30,348.05555555555554,300.3888888888889,18.0,13.863961030678928,0.8436857832634892,0.47803124154527454,159.66666666666666,169.16666666666666,108.05555555555556
172,31,326.875,301.375,16.0,12.485281374238571,0.3370999312316211,0.5184815936178393,158.625,168.3125,117.625
172,39,361.0322580645161,302.258064516129,31.0,19.071067811865476,0.5964448605156898,0.3898914409370286,155.93548387096774,169.61290322580646,89.29032258064517
172,48,339.3103448275862,310.2758620689655,29.0,27.207106781186546,0.7099068276227974,0.4971495185470146,160.72413793103448,169.20689655172413,111.96551724137932
172,53,323.52,311.16,25.0,23.035533905932738,0.7161868548405512,0.5193211472510573,158.76,168.08,117.76
172,69,353.3125,312.9375,16.0,13.071067811865476,0.7866280967647492,0.3971496539792388,157.75,168.9375,90.375
172,77,340.9473684210526,317.4736842105263,19.0,14.485281374238571,0.7748976325266355,0.4674641438781803,158.05263157894737,169.3684210526316,106.26315789473684
172,109,340.0526315789474,326.42105263157896,38.0,31.035533905932738,0.9481702207480659,0.4274684891065762,158.94736842105263,169.89473684210526,96.86842105263158
172,113,347.94444444444446,327.8333333333333,18.0,13.899494936611665,0.538427007563365,0.3958874791746764,157.5,169.61111111111111,90.16666666666667
172,114,376.69565217391306,327.0,23.0,16.86396103067893,0.554480749333952,0.46236129916587265,161.08695652173913,174.3913043478261,104.0
172,118,323.3333333333333,329.0,15.0,12.48528137423857,0.5504818825631802,0.5353816395403478,156.26666666666668,168.06666666666666,122.46666666666667
172,124,343.57142857142856,334.42857142857144,28.0,23.82842712474619,0.9095905407458622,0.4201959215058572,158.42857142857142,170.42857142857142,95.39285714285714
172,129,370.23333333333335,336.73333333333335,30.0,19.31370849898476,0.6048116389743257,0.4656519970951344,161.56666666666666,173.96666666666667,104.56666666666666
172,140,363.625,342.125,16.0,12.485281374238571,0.3370999312316211,0.453153534698193,161.0625,173.4375,101.9375
172,156,329.1333333333333,348.26666666666665,15.0,15.621320343559644,0.9746165932506942,0.5140144047161348,160.8,170.6,115.73333333333333
173,17,365.1666666666667,297.5,24.0,16.485281374238568,0.655825835783953,0.3682126532530223,154.79166666666666,169.66666666666666,84.66666666666667
173,28,361.03225806451616,302.258064516129,31.0,19.071067811865476,0.5964448605156898,0.3898914409370286,155.93548387096774,169.61290322580646,89.29032258064517
173,32,396.6388888888889,306.5833333333333,36.0,22.485281374238568,0.8277052473655098,0.4644479093985695,160.38888888888889,175.69444444444446,104.72222222222223
173,33,407.00763358778624,318.9312977099237,131.0,86.00609665440987,0.9885966276475732,0.403261707580162,129.17557251908397,85.06106870229007,101.9618320610687
173,34,391.3888888888889,307.8333333333333,18.0,14.035533905932738,0.7247480747777502,0.47716367399053544,160.77777777777777,174.88888888888889,107.44444444444444
173,35,399.3809523809524,310.0952380952381,21.0,14.65685424949238,0.5436904976118351,0.48026269331261917,161.28571428571428,176.04761904761904,107.95238095238095
173,48,353.375,312.625,16.0,14.242640687119284,0.6756004536819586,0.39850958765859285,157.9375,168.9375,90.625
173,86,376.69565217391306,327.0,23.0,16.86396103067893,0.554480749333952,0.46236129916587265,161.08695652173913,174.3913043478261,104.0
173,101,384.5416666666667,340.0833333333333,24.0,21.621320343559642,0.9836557669607121,0.47615452390106366,162.04166666666666,175.45833333333334,106.75
173,102,370.23333333333335,336.73333333333335,30.0,19.31370849898476,0.6048116389743257,0.4656519970951344,161.56666666666666,173.96666666666667,104.56666666666666
173,112,363.625,342.125,16.0,12.485281374238571,0.3370999312316211,0.453153534698193,161.0625,173.4375,101.9375
173,128,389.0,346.27868852459017,61.0,46.10660171779821,0.9383194955638273,0.43365138230071104,129.34426229508196,101.27868852459017,109.57377049180327
174,2,418.8333333333333,292.22222222222223,18.0,14.242640687119284,0.7795961343805105,0.3504236262406196,128.66666666666666,45.72222222222222,88.77777777777777
174,3,386.22222222222223,293.1111111111111,18.0,13.65685424949238,0.7610136145622337,0.28159848301460505,150.61111111111111,172.55555555555554,65.72222222222223
174,12,415.4117647058824,301.52941176470586,17.0,13.65685424949238,0.8863278590397203,0.3924055826279219,128.8235294117647,59.76470588235294,99.3529411764706
174,17,396.6388888888889,306.5833333333333,36.0,22.485281374238568,0.8277052473655098,0.4644479093985695,160.38888888888889,175.69444444444446,104.72222222222223
174,18,391.3888888888889,307.8333333333333,18.0,14.035533905932738,0.7247480747777502,0.47716367399053544,160.77777777777777,174.88888888888889,107.44444444444444
174,19,399.3809523809524,310.0952380952381,21.0,14.65685424949238,0.5436904976118351,0.48026269331261917,161.28571428571428,176.04761904761904,107.95238095238095
174,23,386.7142857142857,314.6190476190476,21.0,19.621320343559642,0.9697706437120469,0.4886974397602178,162.14285714285714,174.38095238095238,109.52380952380952
174,46,406.875,321.8125,16.0,13.899494936611665,0.695341574490443,0.37751045271049594,128.875,88.9375,95.5625
174,49,393.2,327.1333333333333,15.0,13.207106781186548,0.9640732798038574,0.4978267162202572,162.93333333333334,175.33333333333334,111.26666666666667
174,51,403.8125,323.8125,16.0,12.242640687119284,0.6642297420901242,0.5242204921184159,129.75,118.8125,132.25
174,61,385.93333333333334,338.3333333333333,15.0,14.82842712474619,0.9629192835603149,0.47549574949805634,161.86666666666667,175.46666666666667,106.66666666666667
174,73,390.1224489795918,345.3265306122449,49.0,37.27817459305202,0.9215586427698905,0.41311145346493927,129.18367346938774,90.53061224489795,104.44897959183673
186,0,240.2,321.2,15.0,12.242640687119284,0.7291985639861921,0.44024435046349686,128.66666666666666,71.06666666666666,111.53333333333333
186,21,254.0,332.23809523809524,21.0,16.44974746830583,0.8645209529102751,0.5261352296910049,166.8095238095238,175.33333333333334,116.04761904761905
187,39,260.75,340.5,16.0,12.485281374238571,0.6813851438692469,0.5433304498269895,165.5,174.4375,120.375
187,43,252.57142857142858,344.85714285714283,28.0,18.520815280171306,0.7168929469460851,0.2908178957857653,128.78571428571428,45.964285714285715,73.64285714285714
187,50,257.19354838709677,348.93548387096774,31.0,19.106601717798213,0.7629586021520179,0.38961222390651795,129.16129032258064,58.12903225806452,98.51612903225806
187,52,270.73333333333335,352.5333333333333,15.0,12.242640687119284,0.6898591042223657,0.4805718826092529,162.6,173.53333333333333,107.53333333333333
187,54,259.73333333333335,352.8666666666667,15.0,12.621320343559642,0.8560024162818194,0.2606505190311419,128.8,33.266666666666666,66.0
188,0,289.89473684210526,326.10526315789474,19.0,18.207106781186546,0.9692987650205666,0.443805525469109,158.47368421052633,171.31578947368422,100.73684210526316
188,11,306.5882352941176,328.47058823529414,17.0,15.035533905932738,0.8603087596538043,0.4892220053772238,159.35294117647058,169.52941176470588,110.70588235294117
188,17,300.9375,332.3125,16.0,14.621320343559642,0.942859234721454,0.4790936178392926,159.125,170.25,108.5
188,21,258.53333333333336,335.06666666666666,15.0,13.621320343559642,0.9011286720532998,0.55519295997266,165.66666666666666,174.33333333333334,122.93333333333334
188,27,295.5,337.5,16.0,12.485281374238571,0.7685222550084844,0.4839558102652826,159.0625,171.25,109.625
188,31,260.75,340.5,16.0,12.485281374238571,0.6813851438692469,0.5433304498269895,165.5,174.4375,120.375
188,55,262.2278481012658,354.9113924050633,79.0,59.798989873223334,0.9817386530451778,0.3135837528378427,128.83544303797467,52.962025316455694,79.39240506329114
188,90,294.375,366.1875,16.0,13.071067811865476,0.7961649035520006,0.4558762254901961,159.625,170.4375,103.0625
188,102,303.9130434782609,368.7391304347826,23.0,16.727922061357855,0.65330563906223,0.47882063682064985,160.17391304347825,170.17391304347825,108.04347826086956
188,119,298.2083333333333,375.5416666666667,24.0,18.44974746830583,0.9481844185528937,0.46860181981289245,129.5,148.125,118.33333333333333
188,120,301.73333333333335,376.8666666666667,15.0,11.82842712474619,0.8998568925727455,0.32671618608227604,129.2,97.4,82.6
188,121,307.0,377.0,31.0,18.82842712474619,0.7175190960564862,0.2926014928221396,129.2258064516129,105.80645161290323,73.96774193548387
188,123,314.5,378.0,26.0,16.82842712474619,0.6695340634119861,0.19210226380841233,128.53846153846155,51.84615384615385,48.69230769230769
189,4,339.0,321.27777777777777,18.0,15.0,0.9724757785198787,0.44551525766443106,159.77777777777777,169.27777777777777,100.66666666666667
189,17,341.1136363636364,326.40909090909093,44.0,34.828427124746185,0.9619678206669235,0.4232114952608818,158.79545454545453,169.8181818181818,95.95454545454545
189,21,306.5882352941176,328.47058823529414,17.0,15.035533905932738,0.8603087596538043,0.4892220053772238,159.35294117647058,169.52941176470588,110.70588235294117
189,24,300.9375,332.3125,16.0,14.621320343559642,0.942859234721454,0.4790936178392926,159.125,170.25,108.5
189,34,343.57142857142856,334.42857142857144,28.0,23.82842712474619,0.9095905407458622,0.4201959215058572,158.42857142857142,170.42857142857142,95.39285714285714
189,39,323.0,338.3333333333333,21.0,17.621320343559642,0.9367994495766081,0.49385087368280645,160.1904761904762,168.57142857142858,111.42857142857143
189,44,295.5,337.5,16.0,12.485281374238571,0.7685222550084844,0.4839558102652826,159.0625,171.25,109.625
189,63,320.05,345.95,20.0,18.86396103067893,0.9421610942102248,0.5323445213379469,161.55,170.15,119.55
189,72,329.1333333333333,348.26666666666665,15.0,15.621320343559644,0.9746165932506942,0.5140144047161348,160.8,170.6,115.73333333333333
189,94,294.375,366.1875,16.0,13.071067811865476,0.7961649035520006,0.4558762254901961,159.625,170.4375,103.0625
189,103,342.18918918918916,368.7027027027027,37.0,31.414213562373096,0.9858704796303724,0.444750670431022,159.02702702702703,170.7027027027027,100.75675675675676
189,109,303.9130434782609,368.7391304347826,23.0,16.727922061357855,0.65330563906223,0.47882063682064985,160.17391304347825,170.17391304347825,108.04347826086956
189,128,298.2083333333333,375.5416666666667,24.0,18.44974746830583,0.9481844185528937,0.46860181981289245,129.5,148.125,118.33333333333333
189,130,301.73333333333335,376.8666666666667,15.0,11.82842712474619,0.8998568925727455,0.32671618608227604,129.2,97.4,82.6
189,132,307.0,377.0,31.0,18.82842712474619,0.7175190960564862,0.2926014928221396,129.2258064516129,105.80645161290323,73.96774193548387
189,136,314.5,378.0,26.0,16.82842712474619,0.6695340634119861,0.19210226380841233,128.53846153846155,51.84615384615385,48.69230769230769
189,137,319.0,378.6470588235294,17.0,13.65685424949238,0.6987462464737062,0.3277202140778966,129.2941176470588,127.11764705882354,82.82352941176471
189,138,341.24,378.64,25.0,17.035533905932738,0.885179279191027,0.25030446751249524,128.72,91.44,63.4
189,140,325.0,379.0,41.0,22.82842712474619,0.8253385908734193,0.27838671851145885,128.6341463414634,95.82926829268293,70.53658536585365
189,142,336.0,379.0,21.0,14.828427124746192,0.7078794366148601,0.36884875082930774,129.23809523809524,133.38095238095238,93.23809523809524
189,143,331.0,380.2857142857143,21.0,14.82842712474619,0.3345748025591029,0.11066847654094318,128.57142857142858,45.95238095238095,28.047619047619047
190,3,338.70588235294116,321.3529411764706,17.0,15.207106781186548,0.9762525571625753,0.4463716244351055,159.88235294117646,169.2941176470588,100.82352941176471
190,16,340.0526315789474,326.42105263157896,38.0,31.035533905932738,0.9481702207480659,0.4274684891065762,158.94736842105263,169.89473684210526,96.86842105263158
190,20,347.94444444444446,327.8333333333333,18.0,13.899494936611665,0.538427007563365,0.3958874791746764,157.5,169.61111111111111,90.16666666666667
190,21,376.69565217391306,327.0,23.0,16.86396103067893,0.554480749333952,0.46236129916587265,161.08695652173913,174.3913043478261,104.0
190,25,323.3333333333333,329.0,15.0,12.48528137423857,0.5504818825631802,0.5353816395403478,156.26666666666668,168.06666666666666,122.46666666666667
190,31,343.57142857142856,334.42857142857144,28.0,23.82842712474619,0.9095905407458622,0.4201959215058572,158.42857142857142,170.42857142857142,95.39285714285714
190,36,370.23333333333335,336.73333333333335,30.0,19.31370849898476,0.6048116389743257,0.4656519970951344,161.56666666666666,173.96666666666667,104.56666666666666
190,47,363.625,342.125,16.0,12.485281374238571,0.3370999312316211,0.453153534698193,161.0625,173.4375,101.9375
190,76,371.5,352.25,16.0,12.485281374238571,0.6813851438692469,0.4741809039792388,161.6875,174.125,106.4375
190,77,377.84000000000003,357.76,75.0,46.66295090390226,0.9530652931063195,0.42581218505702934,129.2,94.97333333333333,107.65333333333334
190,79,334.6,358.93333333333334,15.0,14.207106781186548,0.8566215046082554,0.5176943568712887,161.53333333333333,171.46666666666667,116.26666666666667
190,81,364.27777777777777,358.3888888888889,18.0,13.071067811865476,0.7226591383582849,0.4575137767525312,160.83333333333334,173.33333333333334,103.0
190,95,353.63157894736844,365.42105263157896,19.0,18.828427124746188,0.96666557280259,0.4326149009383776,158.89473684210526,172.21052631578948,98.05263157894737
190,99,367.8,365.6666666666667,15.0,12.035533905932738,0.584321016521078,0.3273374855824682,129.06666666666666,98.06666666666666,82.8
190,104,342.63157894736844,368.7105263157895,38.0,31.414213562373096,0.9855373457813553,0.44248962416969395,158.97368421052633,170.71052631578948,100.26315789473684
190,106,364.8235294117647,367.88235294117646,17.0,13.48528137423857,0.7425682440352591,0.28676540430949504,128.47058823529412,68.3529411764706,72.70588235294117
190,130,341.24,378.64,25.0,17.035533905932738,0.885179279191027,0.25030446751249524,128.72,91.44,63.4
190,132,325.0,379.0,41.0,22.82842712474619,0.8253385908734193,0.27838671851145885,128.6341463414634,95.82926829268293,70.53658536585365
190,134,336.0,379.0,21.0,14.828427124746192,0.7078794366148601,0.36884875082930774,129.23809523809524,133.38095238095238,93.23809523809524
190,135,331.0,380.2857142857143,21.0,14.82842712474619,0.3345748025591029,0.11066847654094318,128.57142857142858,45.95238095238095,28.047619047619047
191,1,406.0526315789474,321.94736842105266,19.0,15.278174593052022,0.6331394575185156,0.4246499694875506,129.05263157894737,77.94736842105263,107.42105263157895
191,7,393.2,327.1333333333333,15.0,13.207106781186548,0.9640732798038574,0.4978267162202572,162.93333333333334,175.33333333333334,111.26666666666667
191,12,376.69565217391306,327.0,23.0,16.86396103067893,0.554480749333952,0.46236129916587265,161.08695652173913,174.3913043478261,104.0
191,27,384.5416666666667,340.0833333333333,24.0,21.621320343559642,0.9836557669607121,0.47615452390106366,162.04166666666666,175.45833333333334,106.75
191,28,370.23333333333335,336.73333333333335,30.0,19.31370849898476,0.6048116389743257,0.4656519970951344,161.56666666666666,173.96666666666667,104.56666666666666
191,38,363.625,342.125,16.0,12.485281374238571,0.3370999312316211,0.453153534698193,161.0625,173.4375,101.9375
191,59,383.06060606060606,352.6060606060606,33.0,20.14213562373095,0.8030867663299553,0.3999682258254136,129.27272727272728,92.63636363636364,101.0909090909091
191,62,371.5,352.25,16.0,12.485281374238571,0.6813851438692469,0.4741809039792388,161.6875,174.125,106.4375
191,64,364.27777777777777,358.3888888888889,18.0,13.071067811865476,0.7226591383582849,0.4575137767525312,160.83333333333334,173.33333333333334,103.0
191,68,377.8333333333333,358.35714285714283,42.0,24.17766952966369,0.8505390238402811,0.39733540475013535,129.14285714285714,92.88095238095238,100.47619047619048
191,75,355.06666666666666,365.3333333333333,15.0,14.207106781186548,0.9296913932642906,0.4305816053654577,159.06666666666666,172.2,97.53333333333333
191,77,367.8,365.6666666666667,15.0,12.035533905932738,0.584321016521078,0.3273374855824682,129.06666666666666,98.06666666666666,82.8
191,80,364.8235294117647,367.88235294117646,17.0,13.48528137423857,0.7425682440352591,0.28676540430949504,128.47058823529412,68.3529411764706,72.70588235294117
191,87,353.5,375.0,16.0,12.82842712474619,0.6640500119893717,0.31020256632064586,128.75,54.125,78.5625
192,1,406.0526315789474,321.94736842105266,19.0,15.278174593052022,0.6331394575185156,0.4246499694875506,129.05263157894737,77.94736842105263,107.42105263157895
192,4,393.2,327.1333333333333,15.0,13.207106781186548,0.9640732798038574,0.4978267162202572,162.93333333333334,175.33333333333334,111.26666666666667
192,16,385.875,338.3125,16.0,15.621320343559644,0.9584420109975297,0.4758809111880046,161.875,175.5,106.75
